{
    "0": {
        "precision": 0.4291825821237586,
        "recall": 0.6105194522929798,
        "f1-score": 0.5040373228063878,
        "support": 9202
    },
    "1": {
        "precision": 0.9922516479703943,
        "recall": 0.7147617460846385,
        "f1-score": 0.8309524962471551,
        "support": 12004
    },
    "2": {
        "precision": 0.41991236611489774,
        "recall": 0.3944209443237682,
        "f1-score": 0.40676767081294585,
        "support": 8747
    },
    "accuracy": 0.5891897305779054,
    "macro avg": {
        "precision": 0.6137821987363502,
        "recall": 0.5732340475671288,
        "f1-score": 0.5805858299554963,
        "support": 29953
    },
    "weighted avg": {
        "precision": 0.6521316852851619,
        "recall": 0.5891897305779054,
        "f1-score": 0.6066471480658386,
        "support": 29953
    }
}