{
    "0": {
        "precision": 0.4375866851595007,
        "recall": 0.4762264150943396,
        "f1-score": 0.4560896277556921,
        "support": 1325
    },
    "1": {
        "precision": 0.0,
        "recall": 0.0,
        "f1-score": 0.0,
        "support": 280
    },
    "2": {
        "precision": 0.46056991385023194,
        "recall": 0.5155786350148368,
        "f1-score": 0.4865243262163108,
        "support": 1348
    },
    "accuracy": 0.4490348797832712,
    "macro avg": {
        "precision": 0.2993855330032442,
        "recall": 0.33060168336972545,
        "f1-score": 0.31420465132400094,
        "support": 2953
    },
    "weighted avg": {
        "precision": 0.4065867259419069,
        "recall": 0.4490348797832712,
        "f1-score": 0.4267367248614558,
        "support": 2953
    }
}