{
    "0": {
        "precision": 0.45454545454545453,
        "recall": 0.11450381679389313,
        "f1-score": 0.18292682926829268,
        "support": 131
    },
    "1": {
        "precision": 0.0,
        "recall": 0.0,
        "f1-score": 0.0,
        "support": 15
    },
    "2": {
        "precision": 0.41013824884792627,
        "recall": 0.8317757009345794,
        "f1-score": 0.5493827160493827,
        "support": 107
    },
    "accuracy": 0.41106719367588934,
    "macro avg": {
        "precision": 0.2882279011311269,
        "recall": 0.31542650590949084,
        "f1-score": 0.24410318177255844,
        "support": 253
    },
    "weighted avg": {
        "precision": 0.40881520621416073,
        "recall": 0.41106719367588934,
        "f1-score": 0.32706468478826206,
        "support": 253
    }
}