{
    "0": {
        "precision": 0.23877813238280765,
        "recall": 0.5213574660633484,
        "f1-score": 0.3275435653978452,
        "support": 11050
    },
    "1": {
        "precision": 0.8944839058910512,
        "recall": 0.639573303124705,
        "f1-score": 0.7458496631291559,
        "support": 52965
    },
    "2": {
        "precision": 0.25264376688537243,
        "recall": 0.29923203510696655,
        "f1-score": 0.273971456075001,
        "support": 10938
    },
    "accuracy": 0.5724787533521006,
    "macro avg": {
        "precision": 0.4619686017197438,
        "recall": 0.4867209347650066,
        "f1-score": 0.44912156153400073,
        "support": 74953
    },
    "weighted avg": {
        "precision": 0.7041513476517518,
        "recall": 0.5724787533521006,
        "f1-score": 0.615318714285356,
        "support": 74953
    }
}