{
    "0": {
        "precision": 0.145651173492867,
        "recall": 0.06873710500597242,
        "f1-score": 0.09339727037993362,
        "support": 9209
    },
    "1": {
        "precision": 0.45018450184501846,
        "recall": 0.04064972927946689,
        "f1-score": 0.07456642982657193,
        "support": 12005
    },
    "2": {
        "precision": 0.31266560678325384,
        "recall": 0.8768720704241454,
        "f1-score": 0.4609652022357113,
        "support": 8747
    },
    "accuracy": 0.29341477253763226,
    "macro avg": {
        "precision": 0.30283376070704643,
        "recall": 0.3287529682365282,
        "f1-score": 0.20964296748073896,
        "support": 29961
    },
    "weighted avg": {
        "precision": 0.3164331185166844,
        "recall": 0.29341477253763226,
        "f1-score": 0.1931620465589457,
        "support": 29961
    }
}